https://www.phoronix.com/rss.php,175543672
https://www.dailytelegraph.com.au/news/breaking-news/rss,175543672
https://www.smh.com.au/rss/feed.xml,175543672
https://www.heraldsun.com.au/news/breaking-news/rss,175543672
https://www.abc.net.au/news/feed/1948/rss.xml,175543672
https://www.perthnow.com.au/news/feed,175543672
http://feeds.feedburner.com/IndependentAustralia,175543672
https://indaily.com.au/feed/,175543672
https://www.michaelwest.com.au/feed/,175543672
https://feeds.feedburner.com/com/rCTl,175543672
https://rss.nytimes.com/services/xml/rss/nyt/HomePage.xml,397971851
https://www.ilpost.it/feed/,397971851
https://www.theguardian.com/world/rss,397971851